variant_id	CHROM	POS	REF	ALT	error
14:107062360:A>G	14	107062360	A	G	"<_MultiThreadedRendezvous of RPC that terminated with:
	status = StatusCode.INVALID_ARGUMENT
	details = ""Variant out of bounds for organism. 'chr14:107062360:A>G'.""
	debug_error_string = ""UNKNOWN:Error received from peer ipv4:172.253.115.95:443 {grpc_status:3, grpc_message:""Variant out of bounds for organism. \'chr14:107062360:A>G\'.""}""
>"
10:135491030:G>C	10	135491030	G	C	"<_MultiThreadedRendezvous of RPC that terminated with:
	status = StatusCode.INVALID_ARGUMENT
	details = ""Interval out of bounds for organism. 'chr10:135425494-135556566:.'.""
	debug_error_string = ""UNKNOWN:Error received from peer ipv4:172.253.115.95:443 {grpc_message:""Interval out of bounds for organism. \'chr10:135425494-135556566:.\'."", grpc_status:3}""
>"
2:242800900:G>A	2	242800900	G	A	"<_MultiThreadedRendezvous of RPC that terminated with:
	status = StatusCode.RESOURCE_EXHAUSTED
	details = ""Quota exceeded for quota metric 'AlphaGenome Prediction Requests' and limit 'AlphaGenome prediction megabytes per minute' of service 'gdmscience.googleapis.com' for consumer 'project_number:220207019605'.""
	debug_error_string = ""UNKNOWN:Error received from peer ipv4:172.253.115.95:443 {grpc_status:8, grpc_message:""Quota exceeded for quota metric \'AlphaGenome Prediction Requests\' and limit \'AlphaGenome prediction megabytes per minute\' of service \'gdmscience.googleapis.com\' for consumer \'project_number:220207019605\'.""}""
>"
9:141070283:T>C	9	141070283	T	C	"<_MultiThreadedRendezvous of RPC that terminated with:
	status = StatusCode.RESOURCE_EXHAUSTED
	details = ""Quota exceeded for quota metric 'AlphaGenome Prediction Requests' and limit 'AlphaGenome prediction megabytes per minute' of service 'gdmscience.googleapis.com' for consumer 'project_number:220207019605'.""
	debug_error_string = ""UNKNOWN:Error received from peer ipv4:172.253.115.95:443 {grpc_status:8, grpc_message:""Quota exceeded for quota metric \'AlphaGenome Prediction Requests\' and limit \'AlphaGenome prediction megabytes per minute\' of service \'gdmscience.googleapis.com\' for consumer \'project_number:220207019605\'.""}""
>"
9:141070335:T>G	9	141070335	T	G	"<_MultiThreadedRendezvous of RPC that terminated with:
	status = StatusCode.INVALID_ARGUMENT
	details = ""Interval out of bounds for organism. 'chr9:141004799-141135871:.'.""
	debug_error_string = ""UNKNOWN:Error received from peer ipv4:172.253.115.95:443 {grpc_message:""Interval out of bounds for organism. \'chr9:141004799-141135871:.\'."", grpc_status:3}""
>"
4:190321104:T>G	4	190321104	T	G	"<_MultiThreadedRendezvous of RPC that terminated with:
	status = StatusCode.INVALID_ARGUMENT
	details = ""Interval out of bounds for organism. 'chr4:190255568-190386640:.'.""
	debug_error_string = ""UNKNOWN:Error received from peer ipv4:172.253.115.95:443 {grpc_message:""Interval out of bounds for organism. \'chr4:190255568-190386640:.\'."", grpc_status:3}""
>"
14:107087397:A>T	14	107087397	A	T	"<_MultiThreadedRendezvous of RPC that terminated with:
	status = StatusCode.INVALID_ARGUMENT
	details = ""Variant out of bounds for organism. 'chr14:107087397:A>T'.""
	debug_error_string = ""UNKNOWN:Error received from peer ipv4:172.253.115.95:443 {grpc_message:""Variant out of bounds for organism. \'chr14:107087397:A>T\'."", grpc_status:3}""
>"
4:190878700:G>A	4	190878700	G	A	"<_MultiThreadedRendezvous of RPC that terminated with:
	status = StatusCode.INVALID_ARGUMENT
	details = ""Interval out of bounds for organism. 'chr4:190813164-190944236:.'.""
	debug_error_string = ""UNKNOWN:Error received from peer ipv4:172.253.115.95:443 {grpc_message:""Interval out of bounds for organism. \'chr4:190813164-190944236:.\'."", grpc_status:3}""
>"
9:140199452:C>A	9	140199452	C	A	"<_MultiThreadedRendezvous of RPC that terminated with:
	status = StatusCode.RESOURCE_EXHAUSTED
	details = ""Quota exceeded for quota metric 'AlphaGenome Prediction Requests' and limit 'AlphaGenome prediction megabytes per minute' of service 'gdmscience.googleapis.com' for consumer 'project_number:220207019605'.""
	debug_error_string = ""UNKNOWN:Error received from peer ipv4:172.253.115.95:443 {grpc_message:""Quota exceeded for quota metric \'AlphaGenome Prediction Requests\' and limit \'AlphaGenome prediction megabytes per minute\' of service \'gdmscience.googleapis.com\' for consumer \'project_number:220207019605\'."", grpc_status:8}""
>"
13:114623880:G>A	13	114623880	G	A	"<_MultiThreadedRendezvous of RPC that terminated with:
	status = StatusCode.RESOURCE_EXHAUSTED
	details = ""Quota exceeded for quota metric 'AlphaGenome Prediction Requests' and limit 'AlphaGenome prediction megabytes per minute' of service 'gdmscience.googleapis.com' for consumer 'project_number:220207019605'.""
	debug_error_string = ""UNKNOWN:Error received from peer ipv4:172.253.115.95:443 {grpc_status:8, grpc_message:""Quota exceeded for quota metric \'AlphaGenome Prediction Requests\' and limit \'AlphaGenome prediction megabytes per minute\' of service \'gdmscience.googleapis.com\' for consumer \'project_number:220207019605\'.""}""
>"
9:139902786:G>C	9	139902786	G	C	"<_MultiThreadedRendezvous of RPC that terminated with:
	status = StatusCode.INVALID_ARGUMENT
	details = ""Interval out of bounds for organism. 'chr9:139837250-139968322:.'.""
	debug_error_string = ""UNKNOWN:Error received from peer ipv4:172.253.115.95:443 {grpc_status:3, grpc_message:""Interval out of bounds for organism. \'chr9:139837250-139968322:.\'.""}""
>"
10:135491083:G>T	10	135491083	G	T	"<_MultiThreadedRendezvous of RPC that terminated with:
	status = StatusCode.RESOURCE_EXHAUSTED
	details = ""Quota exceeded for quota metric 'AlphaGenome Prediction Requests' and limit 'AlphaGenome prediction megabytes per minute' of service 'gdmscience.googleapis.com' for consumer 'project_number:220207019605'.""
	debug_error_string = ""UNKNOWN:Error received from peer ipv4:172.253.115.95:443 {grpc_message:""Quota exceeded for quota metric \'AlphaGenome Prediction Requests\' and limit \'AlphaGenome prediction megabytes per minute\' of service \'gdmscience.googleapis.com\' for consumer \'project_number:220207019605\'."", grpc_status:8}""
>"
6:171009828:A>T	6	171009828	A	T	"<_MultiThreadedRendezvous of RPC that terminated with:
	status = StatusCode.INVALID_ARGUMENT
	details = ""Interval out of bounds for organism. 'chr6:170944292-171075364:.'.""
	debug_error_string = ""UNKNOWN:Error received from peer ipv4:172.253.115.95:443 {grpc_status:3, grpc_message:""Interval out of bounds for organism. \'chr6:170944292-171075364:.\'.""}""
>"
4:190876173:C>G	4	190876173	C	G	"<_MultiThreadedRendezvous of RPC that terminated with:
	status = StatusCode.INVALID_ARGUMENT
	details = ""Interval out of bounds for organism. 'chr4:190810637-190941709:.'.""
	debug_error_string = ""UNKNOWN:Error received from peer ipv4:172.253.115.95:443 {grpc_message:""Interval out of bounds for organism. \'chr4:190810637-190941709:.\'."", grpc_status:3}""
>"
10:135491113:G>A	10	135491113	G	A	"<_MultiThreadedRendezvous of RPC that terminated with:
	status = StatusCode.RESOURCE_EXHAUSTED
	details = ""Quota exceeded for quota metric 'AlphaGenome Prediction Requests' and limit 'AlphaGenome prediction megabytes per minute' of service 'gdmscience.googleapis.com' for consumer 'project_number:220207019605'.""
	debug_error_string = ""UNKNOWN:Error received from peer ipv4:172.253.115.95:443 {grpc_message:""Quota exceeded for quota metric \'AlphaGenome Prediction Requests\' and limit \'AlphaGenome prediction megabytes per minute\' of service \'gdmscience.googleapis.com\' for consumer \'project_number:220207019605\'."", grpc_status:8}""
>"
9:138419785:T>C	9	138419785	T	C	"<_MultiThreadedRendezvous of RPC that terminated with:
	status = StatusCode.INVALID_ARGUMENT
	details = ""Variant out of bounds for organism. 'chr9:138419785:T>C'.""
	debug_error_string = ""UNKNOWN:Error received from peer ipv4:172.253.115.95:443 {grpc_status:3, grpc_message:""Variant out of bounds for organism. \'chr9:138419785:T>C\'.""}""
>"
14:107062359:G>T	14	107062359	G	T	"<_MultiThreadedRendezvous of RPC that terminated with:
	status = StatusCode.INVALID_ARGUMENT
	details = ""Variant out of bounds for organism. 'chr14:107062359:G>T'.""
	debug_error_string = ""UNKNOWN:Error received from peer ipv4:172.253.115.95:443 {grpc_status:3, grpc_message:""Variant out of bounds for organism. \'chr14:107062359:G>T\'.""}""
>"
4:190876093:G>C	4	190876093	G	C	"<_MultiThreadedRendezvous of RPC that terminated with:
	status = StatusCode.INVALID_ARGUMENT
	details = ""Interval out of bounds for organism. 'chr4:190810557-190941629:.'.""
	debug_error_string = ""UNKNOWN:Error received from peer ipv4:172.253.115.95:443 {grpc_status:3, grpc_message:""Interval out of bounds for organism. \'chr4:190810557-190941629:.\'.""}""
>"
10:135491123:G>A	10	135491123	G	A	"<_MultiThreadedRendezvous of RPC that terminated with:
	status = StatusCode.INVALID_ARGUMENT
	details = ""Interval out of bounds for organism. 'chr10:135425587-135556659:.'.""
	debug_error_string = ""UNKNOWN:Error received from peer ipv4:172.253.115.95:443 {grpc_message:""Interval out of bounds for organism. \'chr10:135425587-135556659:.\'."", grpc_status:3}""
>"
4:190640561:C>T	4	190640561	C	T	"<_MultiThreadedRendezvous of RPC that terminated with:
	status = StatusCode.RESOURCE_EXHAUSTED
	details = ""Quota exceeded for quota metric 'AlphaGenome Prediction Requests' and limit 'AlphaGenome prediction megabytes per minute' of service 'gdmscience.googleapis.com' for consumer 'project_number:220207019605'.""
	debug_error_string = ""UNKNOWN:Error received from peer ipv4:172.253.115.95:443 {grpc_message:""Quota exceeded for quota metric \'AlphaGenome Prediction Requests\' and limit \'AlphaGenome prediction megabytes per minute\' of service \'gdmscience.googleapis.com\' for consumer \'project_number:220207019605\'."", grpc_status:8}""
>"
15:102312207:A>G	15	102312207	A	G	"<_MultiThreadedRendezvous of RPC that terminated with:
	status = StatusCode.RESOURCE_EXHAUSTED
	details = ""Quota exceeded for quota metric 'AlphaGenome Prediction Requests' and limit 'AlphaGenome prediction megabytes per minute' of service 'gdmscience.googleapis.com' for consumer 'project_number:220207019605'.""
	debug_error_string = ""UNKNOWN:Error received from peer ipv4:172.253.115.95:443 {grpc_message:""Quota exceeded for quota metric \'AlphaGenome Prediction Requests\' and limit \'AlphaGenome prediction megabytes per minute\' of service \'gdmscience.googleapis.com\' for consumer \'project_number:220207019605\'."", grpc_status:8}""
>"
12:133309857:A>G	12	133309857	A	G	"<_MultiThreadedRendezvous of RPC that terminated with:
	status = StatusCode.RESOURCE_EXHAUSTED
	details = ""Quota exceeded for quota metric 'AlphaGenome Prediction Requests' and limit 'AlphaGenome prediction megabytes per minute' of service 'gdmscience.googleapis.com' for consumer 'project_number:220207019605'.""
	debug_error_string = ""UNKNOWN:Error received from peer ipv4:172.253.115.95:443 {grpc_status:8, grpc_message:""Quota exceeded for quota metric \'AlphaGenome Prediction Requests\' and limit \'AlphaGenome prediction megabytes per minute\' of service \'gdmscience.googleapis.com\' for consumer \'project_number:220207019605\'.""}""
>"
4:190896749:G>A	4	190896749	G	A	"<_MultiThreadedRendezvous of RPC that terminated with:
	status = StatusCode.INVALID_ARGUMENT
	details = ""Interval out of bounds for organism. 'chr4:190831213-190962285:.'.""
	debug_error_string = ""UNKNOWN:Error received from peer ipv4:172.253.115.95:443 {grpc_status:3, grpc_message:""Interval out of bounds for organism. \'chr4:190831213-190962285:.\'.""}""
>"
9:140370145:A>T	9	140370145	A	T	"<_MultiThreadedRendezvous of RPC that terminated with:
	status = StatusCode.INVALID_ARGUMENT
	details = ""Interval out of bounds for organism. 'chr9:140304609-140435681:.'.""
	debug_error_string = ""UNKNOWN:Error received from peer ipv4:172.253.115.95:443 {grpc_status:3, grpc_message:""Interval out of bounds for organism. \'chr9:140304609-140435681:.\'.""}""
>"
1:14976:G>A	1	14976	G	A	Sequence length 80512 not supported by the model. Supported lengths: [2048, 16384, 131072, 524288, 1048576]
8:145617083:G>T	8	145617083	G	T	"<_MultiThreadedRendezvous of RPC that terminated with:
	status = StatusCode.INVALID_ARGUMENT
	details = ""Interval out of bounds for organism. 'chr8:145551547-145682619:.'.""
	debug_error_string = ""UNKNOWN:Error received from peer ipv4:172.253.115.95:443 {grpc_message:""Interval out of bounds for organism. \'chr8:145551547-145682619:.\'."", grpc_status:3}""
>"
4:190876175:A>G	4	190876175	A	G	"<_MultiThreadedRendezvous of RPC that terminated with:
	status = StatusCode.INVALID_ARGUMENT
	details = ""Interval out of bounds for organism. 'chr4:190810639-190941711:.'.""
	debug_error_string = ""UNKNOWN:Error received from peer ipv4:172.253.115.95:443 {grpc_message:""Interval out of bounds for organism. \'chr4:190810639-190941711:.\'."", grpc_status:3}""
>"
9:139997098:T>A	9	139997098	T	A	"<_MultiThreadedRendezvous of RPC that terminated with:
	status = StatusCode.RESOURCE_EXHAUSTED
	details = ""Quota exceeded for quota metric 'AlphaGenome Prediction Requests' and limit 'AlphaGenome prediction megabytes per minute' of service 'gdmscience.googleapis.com' for consumer 'project_number:220207019605'.""
	debug_error_string = ""UNKNOWN:Error received from peer ipv4:172.253.115.95:443 {grpc_message:""Quota exceeded for quota metric \'AlphaGenome Prediction Requests\' and limit \'AlphaGenome prediction megabytes per minute\' of service \'gdmscience.googleapis.com\' for consumer \'project_number:220207019605\'."", grpc_status:8}""
>"
9:139902797:C>G	9	139902797	C	G	"<_MultiThreadedRendezvous of RPC that terminated with:
	status = StatusCode.RESOURCE_EXHAUSTED
	details = ""Quota exceeded for quota metric 'AlphaGenome Prediction Requests' and limit 'AlphaGenome prediction megabytes per minute' of service 'gdmscience.googleapis.com' for consumer 'project_number:220207019605'.""
	debug_error_string = ""UNKNOWN:Error received from peer ipv4:172.253.115.95:443 {grpc_status:8, grpc_message:""Quota exceeded for quota metric \'AlphaGenome Prediction Requests\' and limit \'AlphaGenome prediction megabytes per minute\' of service \'gdmscience.googleapis.com\' for consumer \'project_number:220207019605\'.""}""
>"
10:135491060:T>G	10	135491060	T	G	"<_MultiThreadedRendezvous of RPC that terminated with:
	status = StatusCode.INVALID_ARGUMENT
	details = ""Interval out of bounds for organism. 'chr10:135425524-135556596:.'.""
	debug_error_string = ""UNKNOWN:Error received from peer ipv4:172.253.115.95:443 {grpc_message:""Interval out of bounds for organism. \'chr10:135425524-135556596:.\'."", grpc_status:3}""
>"
Y:59001472:G>A	Y	59001472	G	A	"<_MultiThreadedRendezvous of RPC that terminated with:
	status = StatusCode.INVALID_ARGUMENT
	details = ""Interval out of bounds for organism. 'chrY:58935936-59067008:.'.""
	debug_error_string = ""UNKNOWN:Error received from peer ipv4:172.253.115.95:443 {grpc_message:""Interval out of bounds for organism. \'chrY:58935936-59067008:.\'."", grpc_status:3}""
>"
2:243056808:T>A	2	243056808	T	A	"<_MultiThreadedRendezvous of RPC that terminated with:
	status = StatusCode.RESOURCE_EXHAUSTED
	details = ""Quota exceeded for quota metric 'AlphaGenome Prediction Requests' and limit 'AlphaGenome prediction megabytes per minute' of service 'gdmscience.googleapis.com' for consumer 'project_number:220207019605'.""
	debug_error_string = ""UNKNOWN:Error received from peer ipv4:172.253.115.95:443 {grpc_status:8, grpc_message:""Quota exceeded for quota metric \'AlphaGenome Prediction Requests\' and limit \'AlphaGenome prediction megabytes per minute\' of service \'gdmscience.googleapis.com\' for consumer \'project_number:220207019605\'.""}""
>"
14:107062402:G>C	14	107062402	G	C	"<_MultiThreadedRendezvous of RPC that terminated with:
	status = StatusCode.INVALID_ARGUMENT
	details = ""Variant out of bounds for organism. 'chr14:107062402:G>C'.""
	debug_error_string = ""UNKNOWN:Error received from peer ipv4:172.253.115.95:443 {grpc_status:3, grpc_message:""Variant out of bounds for organism. \'chr14:107062402:G>C\'.""}""
>"
4:190896803:T>C	4	190896803	T	C	"<_MultiThreadedRendezvous of RPC that terminated with:
	status = StatusCode.INVALID_ARGUMENT
	details = ""Interval out of bounds for organism. 'chr4:190831267-190962339:.'.""
	debug_error_string = ""UNKNOWN:Error received from peer ipv4:172.253.115.95:443 {grpc_message:""Interval out of bounds for organism. \'chr4:190831267-190962339:.\'."", grpc_status:3}""
>"
13:114616708:G>A	13	114616708	G	A	"<_MultiThreadedRendezvous of RPC that terminated with:
	status = StatusCode.INVALID_ARGUMENT
	details = ""Interval out of bounds for organism. 'chr13:114551172-114682244:.'.""
	debug_error_string = ""UNKNOWN:Error received from peer ipv4:172.253.115.95:443 {grpc_status:3, grpc_message:""Interval out of bounds for organism. \'chr13:114551172-114682244:.\'.""}""
>"
9:140815866:G>A	9	140815866	G	A	"<_MultiThreadedRendezvous of RPC that terminated with:
	status = StatusCode.INVALID_ARGUMENT
	details = ""Interval out of bounds for organism. 'chr9:140750330-140881402:.'.""
	debug_error_string = ""UNKNOWN:Error received from peer ipv4:172.253.115.95:443 {grpc_message:""Interval out of bounds for organism. \'chr9:140750330-140881402:.\'."", grpc_status:3}""
>"
10:135491044:G>A	10	135491044	G	A	"<_MultiThreadedRendezvous of RPC that terminated with:
	status = StatusCode.RESOURCE_EXHAUSTED
	details = ""Quota exceeded for quota metric 'AlphaGenome Prediction Requests' and limit 'AlphaGenome prediction megabytes per minute' of service 'gdmscience.googleapis.com' for consumer 'project_number:220207019605'.""
	debug_error_string = ""UNKNOWN:Error received from peer ipv4:172.253.115.95:443 {grpc_status:8, grpc_message:""Quota exceeded for quota metric \'AlphaGenome Prediction Requests\' and limit \'AlphaGenome prediction megabytes per minute\' of service \'gdmscience.googleapis.com\' for consumer \'project_number:220207019605\'.""}""
>"
10:135098830:T>C	10	135098830	T	C	"<_MultiThreadedRendezvous of RPC that terminated with:
	status = StatusCode.RESOURCE_EXHAUSTED
	details = ""Quota exceeded for quota metric 'AlphaGenome Prediction Requests' and limit 'AlphaGenome prediction megabytes per minute' of service 'gdmscience.googleapis.com' for consumer 'project_number:220207019605'.""
	debug_error_string = ""UNKNOWN:Error received from peer ipv4:172.253.115.95:443 {grpc_status:8, grpc_message:""Quota exceeded for quota metric \'AlphaGenome Prediction Requests\' and limit \'AlphaGenome prediction megabytes per minute\' of service \'gdmscience.googleapis.com\' for consumer \'project_number:220207019605\'.""}""
>"
9:17843:C>A	9	17843	C	A	Sequence length 83379 not supported by the model. Supported lengths: [2048, 16384, 131072, 524288, 1048576]
10:135129015:T>C	10	135129015	T	C	"<_MultiThreadedRendezvous of RPC that terminated with:
	status = StatusCode.INVALID_ARGUMENT
	details = ""Interval out of bounds for organism. 'chr10:135063479-135194551:.'.""
	debug_error_string = ""UNKNOWN:Error received from peer ipv4:172.253.115.95:443 {grpc_message:""Interval out of bounds for organism. \'chr10:135063479-135194551:.\'."", grpc_status:3}""
>"
4:190623888:C>A	4	190623888	C	A	"<_MultiThreadedRendezvous of RPC that terminated with:
	status = StatusCode.RESOURCE_EXHAUSTED
	details = ""Quota exceeded for quota metric 'AlphaGenome Prediction Requests' and limit 'AlphaGenome prediction megabytes per minute' of service 'gdmscience.googleapis.com' for consumer 'project_number:220207019605'.""
	debug_error_string = ""UNKNOWN:Error received from peer ipv4:172.253.115.95:443 {grpc_message:""Quota exceeded for quota metric \'AlphaGenome Prediction Requests\' and limit \'AlphaGenome prediction megabytes per minute\' of service \'gdmscience.googleapis.com\' for consumer \'project_number:220207019605\'."", grpc_status:8}""
>"
9:14926:C>T	9	14926	C	T	Sequence length 80462 not supported by the model. Supported lengths: [2048, 16384, 131072, 524288, 1048576]
15:102294715:C>T	15	102294715	C	T	"<_MultiThreadedRendezvous of RPC that terminated with:
	status = StatusCode.INVALID_ARGUMENT
	details = ""Interval out of bounds for organism. 'chr15:102229179-102360251:.'.""
	debug_error_string = ""UNKNOWN:Error received from peer ipv4:172.253.115.95:443 {grpc_status:3, grpc_message:""Interval out of bounds for organism. \'chr15:102229179-102360251:.\'.""}""
>"
10:135098845:C>T	10	135098845	C	T	"<_MultiThreadedRendezvous of RPC that terminated with:
	status = StatusCode.INVALID_ARGUMENT
	details = ""Interval out of bounds for organism. 'chr10:135033309-135164381:.'.""
	debug_error_string = ""UNKNOWN:Error received from peer ipv4:172.253.115.95:443 {grpc_status:3, grpc_message:""Interval out of bounds for organism. \'chr10:135033309-135164381:.\'.""}""
>"
4:190804714:C>G	4	190804714	C	G	"<_MultiThreadedRendezvous of RPC that terminated with:
	status = StatusCode.RESOURCE_EXHAUSTED
	details = ""Quota exceeded for quota metric 'AlphaGenome Prediction Requests' and limit 'AlphaGenome prediction megabytes per minute' of service 'gdmscience.googleapis.com' for consumer 'project_number:220207019605'.""
	debug_error_string = ""UNKNOWN:Error received from peer ipv4:172.253.115.95:443 {grpc_status:8, grpc_message:""Quota exceeded for quota metric \'AlphaGenome Prediction Requests\' and limit \'AlphaGenome prediction megabytes per minute\' of service \'gdmscience.googleapis.com\' for consumer \'project_number:220207019605\'.""}""
>"
14:107099220:A>T	14	107099220	A	T	"<_MultiThreadedRendezvous of RPC that terminated with:
	status = StatusCode.RESOURCE_EXHAUSTED
	details = ""Quota exceeded for quota metric 'AlphaGenome Prediction Requests' and limit 'AlphaGenome prediction megabytes per minute' of service 'gdmscience.googleapis.com' for consumer 'project_number:220207019605'.""
	debug_error_string = ""UNKNOWN:Error received from peer ipv4:172.253.115.95:443 {grpc_message:""Quota exceeded for quota metric \'AlphaGenome Prediction Requests\' and limit \'AlphaGenome prediction megabytes per minute\' of service \'gdmscience.googleapis.com\' for consumer \'project_number:220207019605\'."", grpc_status:8}""
>"
2:243056818:C>T	2	243056818	C	T	"<_MultiThreadedRendezvous of RPC that terminated with:
	status = StatusCode.RESOURCE_EXHAUSTED
	details = ""Quota exceeded for quota metric 'AlphaGenome Prediction Requests' and limit 'AlphaGenome prediction megabytes per minute' of service 'gdmscience.googleapis.com' for consumer 'project_number:220207019605'.""
	debug_error_string = ""UNKNOWN:Error received from peer ipv4:172.253.115.95:443 {grpc_status:8, grpc_message:""Quota exceeded for quota metric \'AlphaGenome Prediction Requests\' and limit \'AlphaGenome prediction megabytes per minute\' of service \'gdmscience.googleapis.com\' for consumer \'project_number:220207019605\'.""}""
>"
4:190876137:C>T	4	190876137	C	T	"<_MultiThreadedRendezvous of RPC that terminated with:
	status = StatusCode.INVALID_ARGUMENT
	details = ""Interval out of bounds for organism. 'chr4:190810601-190941673:.'.""
	debug_error_string = ""UNKNOWN:Error received from peer ipv4:172.253.115.95:443 {grpc_message:""Interval out of bounds for organism. \'chr4:190810601-190941673:.\'."", grpc_status:3}""
>"
9:14889:A>G	9	14889	A	G	Sequence length 80425 not supported by the model. Supported lengths: [2048, 16384, 131072, 524288, 1048576]
4:190318080:C>G	4	190318080	C	G	"<_MultiThreadedRendezvous of RPC that terminated with:
	status = StatusCode.INVALID_ARGUMENT
	details = ""Interval out of bounds for organism. 'chr4:190252544-190383616:.'.""
	debug_error_string = ""UNKNOWN:Error received from peer ipv4:172.253.115.95:443 {grpc_status:3, grpc_message:""Interval out of bounds for organism. \'chr4:190252544-190383616:.\'.""}""
>"
1:13418:G>A	1	13418	G	A	Sequence length 78954 not supported by the model. Supported lengths: [2048, 16384, 131072, 524288, 1048576]
9:140946695:T>C	9	140946695	T	C	"<_MultiThreadedRendezvous of RPC that terminated with:
	status = StatusCode.INVALID_ARGUMENT
	details = ""Interval out of bounds for organism. 'chr9:140881159-141012231:.'.""
	debug_error_string = ""UNKNOWN:Error received from peer ipv4:172.253.115.95:443 {grpc_message:""Interval out of bounds for organism. \'chr9:140881159-141012231:.\'."", grpc_status:3}""
>"
13:114477737:C>A	13	114477737	C	A	"<_MultiThreadedRendezvous of RPC that terminated with:
	status = StatusCode.INVALID_ARGUMENT
	details = ""Interval out of bounds for organism. 'chr13:114412201-114543273:.'.""
	debug_error_string = ""UNKNOWN:Error received from peer ipv4:172.253.115.95:443 {grpc_message:""Interval out of bounds for organism. \'chr13:114412201-114543273:.\'."", grpc_status:3}""
>"
15:102304772:T>C	15	102304772	T	C	"<_MultiThreadedRendezvous of RPC that terminated with:
	status = StatusCode.INVALID_ARGUMENT
	details = ""Interval out of bounds for organism. 'chr15:102239236-102370308:.'.""
	debug_error_string = ""UNKNOWN:Error received from peer ipv4:172.253.115.95:443 {grpc_message:""Interval out of bounds for organism. \'chr15:102239236-102370308:.\'."", grpc_status:3}""
>"
21:46999480:A>C	21	46999480	A	C	"<_MultiThreadedRendezvous of RPC that terminated with:
	status = StatusCode.INVALID_ARGUMENT
	details = ""Interval out of bounds for organism. 'chr21:46933944-47065016:.'.""
	debug_error_string = ""UNKNOWN:Error received from peer ipv4:172.253.115.95:443 {grpc_message:""Interval out of bounds for organism. \'chr21:46933944-47065016:.\'."", grpc_status:3}""
>"
